Page ID,Page Name
216270808397682,Classic Travel
110625780354051,Global Student
117359328121792,Classic Direct
101463278781268,Travel Classic
128377647255681,Sunpower Travels
645065888989323,Classic SriLanka
1684906518493744,Classic Destinations
102128479333750,Liberty Sri Lanka & Maldives
109354031562110,Classic Wild
110007844123255,EVS Students
855938901433573,Expo Visa Services
1545692368991389,Bongo Travel
112457753669434,Travel Bridge
184497984952795,Gabo
1766018713452843,Oki Doki
100957103025795,Oki Doki Indonesia